,Unnamed: 0,P,1G,2G,A,SH,SOG,GB,TCH,PAS,GID,TID,CT,OTID,SA,SV,PS%,OPS%,OCT,OSA,OSV
10,B. Costabile,0.0,1.0,0.0,0.0,6.0,4.0,0.0,37.0,30.0,4.0,4.0,3.0,7.0,12.0,13.0,46.7,46.7,3.0,12.0,13.0
273,S. Knobloch,1.0,1.0,0.0,0.0,2.0,1.0,1.0,22.0,19.0,5.0,5.0,3.0,8.0,11.0,16.0,42.8,45.8,6.0,19.0,13.0
54,C. Kirst,0.0,2.0,0.0,1.0,3.0,2.0,3.0,10.0,7.0,5.0,8.0,6.0,5.0,19.0,13.0,45.8,42.8,3.0,11.0,16.0
41,C. Fields,5.0,3.0,0.0,0.0,7.0,3.0,1.0,30.0,20.0,6.0,1.0,4.0,6.0,11.0,23.0,45.6,50.9,9.0,16.0,5.0
61,C. Maher,0.0,0.0,0.0,0.0,1.0,1.0,3.0,9.0,8.0,6.0,1.0,4.0,6.0,11.0,23.0,45.6,50.9,9.0,16.0,5.0
93,G. Ament,3.0,3.0,0.0,1.0,5.0,3.0,0.0,22.0,16.0,6.0,1.0,4.0,6.0,11.0,23.0,45.6,50.9,9.0,16.0,5.0
201,M. Moore,1.0,0.0,0.0,0.0,3.0,2.0,2.0,38.0,33.0,6.0,1.0,4.0,6.0,11.0,23.0,45.6,50.9,9.0,16.0,5.0
205,M. O'Keefe,5.0,2.0,0.0,0.0,8.0,3.0,2.0,29.0,17.0,6.0,1.0,4.0,6.0,11.0,23.0,45.6,50.9,9.0,16.0,5.0
228,P. Bond,1.0,0.0,0.0,0.0,2.0,1.0,4.0,15.0,11.0,6.0,1.0,4.0,6.0,11.0,23.0,45.6,50.9,9.0,16.0,5.0
236,R. Ambler,1.0,0.0,0.0,1.0,2.0,0.0,1.0,16.0,12.0,6.0,1.0,4.0,6.0,11.0,23.0,45.6,50.9,9.0,16.0,5.0
240,R. Aughavin,2.0,0.0,0.0,0.0,2.0,2.0,0.0,9.0,7.0,6.0,1.0,4.0,6.0,11.0,23.0,45.6,50.9,9.0,16.0,5.0
290,T. Leclaire,5.0,1.0,0.0,0.0,2.0,2.0,0.0,14.0,11.0,6.0,1.0,4.0,6.0,11.0,23.0,45.6,45.6,4.0,11.0,23.0
296,T. Schreiber,2.0,0.0,1.0,2.0,2.0,2.0,0.0,37.0,34.0,6.0,1.0,4.0,6.0,11.0,23.0,45.6,50.9,9.0,16.0,5.0
22,B. O'Neill,9.0,1.0,0.0,1.0,5.0,3.0,0.0,26.0,21.0,6.0,6.0,9.0,1.0,16.0,5.0,50.9,45.6,4.0,11.0,23.0
38,C. Ferrara,1.0,0.0,0.0,2.0,5.0,3.0,0.0,24.0,19.0,6.0,6.0,9.0,1.0,16.0,5.0,50.9,45.6,4.0,11.0,23.0
97,G. Bundy,2.0,0.0,0.0,0.0,6.0,1.0,0.0,20.0,14.0,6.0,6.0,9.0,1.0,16.0,5.0,50.9,45.6,4.0,11.0,23.0
109,J. Anderson,2.0,1.0,0.0,0.0,3.0,2.0,5.0,16.0,12.0,6.0,6.0,9.0,1.0,16.0,5.0,50.9,45.6,4.0,11.0,23.0
133,J. Myers,4.0,0.0,0.0,0.0,3.0,1.0,1.0,34.0,30.0,6.0,6.0,9.0,1.0,16.0,5.0,50.9,45.6,4.0,11.0,23.0
149,J. Zawada,5.0,1.0,0.0,0.0,6.0,4.0,0.0,36.0,29.0,6.0,6.0,9.0,1.0,16.0,5.0,50.9,45.6,4.0,11.0,23.0
168,L. Wierman,1.0,0.0,0.0,0.0,1.0,1.0,10.0,8.0,5.0,6.0,6.0,9.0,1.0,16.0,5.0,50.9,45.6,4.0,11.0,23.0
200,M. Messenger,0.0,0.0,0.0,1.0,1.0,0.0,1.0,8.0,7.0,6.0,6.0,9.0,1.0,16.0,5.0,50.9,45.6,4.0,11.0,23.0
270,S. Handley,1.0,2.0,1.0,0.0,8.0,4.0,1.0,28.0,19.0,6.0,6.0,9.0,1.0,16.0,5.0,50.9,45.6,4.0,11.0,23.0
36,C. Comizio,0.0,0.5,0.0,0.0,1.0,0.5,1.0,9.5,8.5,7.0,4.0,3.0,5.0,12.5,13.5,44.900000000000006,43.9,4.5,11.0,16.0
62,C. Shellenberger,3.0,3.0,0.0,5.0,4.0,4.0,3.0,44.0,40.0,7.0,4.0,3.0,5.0,12.0,13.0,46.7,43.9,4.5,11.0,16.0
74,D. Aitken,2.0,2.5,0.0,0.0,5.0,4.5,3.0,30.5,23.5,7.0,4.0,3.0,5.0,12.5,13.5,44.900000000000006,43.9,4.5,11.0,16.0
81,D. Molloy,1.0,2.0,0.0,2.0,5.0,4.0,2.0,34.0,28.0,7.0,4.0,3.0,5.0,13.0,14.0,43.1,42.8,3.0,11.0,16.0
142,J. Teat,4.0,3.5,0.0,5.5,8.0,5.0,1.0,55.5,44.5,7.0,4.0,3.0,5.0,12.5,13.5,44.900000000000006,43.9,4.5,11.0,16.0
191,M. Jones,3.0,0.5,0.0,1.0,4.0,1.0,0.5,21.5,16.5,7.0,4.0,3.0,5.0,12.5,13.5,44.900000000000006,43.9,4.5,11.0,16.0
241,R. Bowering,0.0,2.0,0.0,1.0,6.0,3.0,5.0,15.0,7.0,7.0,4.0,3.0,5.0,12.0,13.0,46.7,43.9,4.5,11.0,16.0
284,T. Carpenter,2.0,1.0,0.0,0.0,1.0,1.0,6.0,9.0,8.0,7.0,4.0,3.0,5.0,13.0,14.0,43.1,43.9,4.5,11.0,16.0
311,X. Dickson,4.0,3.0,0.0,1.0,6.0,4.5,2.0,24.0,17.0,7.0,4.0,3.0,5.0,12.5,13.5,44.900000000000006,44.900000000000006,3.0,12.5,13.5
126,J. Heningburg,1.0,2.5,0.0,0.5,3.5,3.5,0.0,27.0,22.0,7.0,5.0,4.5,4.0,11.0,16.0,43.9,43.1,3.0,13.0,14.0
153,K. Jackson,1.0,1.5,0.0,0.5,2.0,2.0,0.5,12.0,9.0,7.0,5.0,4.5,4.0,11.0,16.0,43.9,44.900000000000006,3.0,12.5,13.5
225,N. Rowlett,0.0,0.0,0.0,0.5,2.0,1.5,5.5,7.0,3.5,7.0,5.0,4.5,4.0,11.0,16.0,43.9,44.900000000000006,3.0,12.5,13.5
233,P. Resch,0.0,1.0,0.0,1.0,1.0,1.0,4.0,11.0,10.0,7.0,5.0,3.0,4.0,11.0,16.0,42.8,43.1,3.0,13.0,14.0
266,R. Scott,2.0,1.5,0.0,0.5,3.0,2.5,0.0,15.5,11.5,7.0,5.0,4.5,4.0,11.0,16.0,43.9,44.900000000000006,3.0,12.5,13.5
274,S. Knobloch,0.0,1.0,0.0,0.0,3.0,1.0,0.5,22.0,18.5,7.0,5.0,4.5,4.0,11.0,16.0,43.9,44.900000000000006,3.0,12.5,13.5
278,S. Perkovic,3.0,0.5,0.5,0.0,2.5,2.0,1.0,12.5,8.5,7.0,5.0,4.5,4.0,11.0,16.0,43.9,46.7,3.0,12.0,13.0
288,T. Kurtz,3.0,1.0,0.0,1.0,2.5,2.0,1.0,25.0,20.5,7.0,5.0,4.5,4.0,11.0,16.0,43.9,46.7,3.0,12.0,13.0
1,A. Nolting,7.0,1.0,0.0,2.0,3.0,1.0,3.0,16.0,12.0,8.0,3.0,6.0,7.0,19.0,13.0,45.8,46.9,4.0,17.0,9.0
55,C. Kirst,0.0,1.0,0.0,0.5,4.5,3.0,1.5,12.0,6.5,8.0,3.0,5.5,7.0,15.5,12.5,47.349999999999994,46.9,4.0,17.0,9.0
67,C. van Raaphorst,0.0,0.0,0.0,1.0,2.0,1.0,5.0,9.0,6.0,8.0,3.0,6.0,7.0,19.0,13.0,45.8,46.9,4.0,17.0,9.0
86,E. Rall,0.0,0.0,0.0,0.0,1.0,0.0,1.0,5.0,3.0,8.0,3.0,6.0,7.0,19.0,13.0,45.8,46.9,4.0,17.0,9.0
174,M. Campbell,2.0,1.0,1.0,1.0,5.0,4.0,0.0,19.0,14.0,8.0,3.0,6.0,7.0,19.0,13.0,45.8,46.9,4.0,17.0,9.0
195,M. Kavanagh,0.0,1.0,0.0,0.0,4.0,4.0,0.0,11.0,7.0,8.0,3.0,6.0,7.0,19.0,13.0,45.8,46.9,4.0,17.0,9.0
47,C. Heacock,1.0,0.0,0.0,0.0,1.0,1.0,1.0,16.0,14.0,8.0,7.0,4.0,3.0,17.0,9.0,46.9,47.349999999999994,5.5,15.5,12.5
103,G. Leadmon,0.0,0.0,1.0,0.0,6.0,3.0,0.0,18.0,11.0,8.0,7.0,4.0,3.0,17.0,9.0,46.9,45.8,6.0,19.0,13.0
156,K. Khan,1.0,0.0,0.0,0.0,2.0,2.0,1.0,16.0,14.0,8.0,7.0,4.0,3.0,17.0,9.0,46.9,45.8,6.0,19.0,13.0
179,M. Chanenchuk,0.0,1.0,2.0,0.0,10.0,7.0,0.0,25.0,14.0,8.0,7.0,4.0,3.0,17.0,9.0,46.9,45.8,6.0,19.0,13.0
209,M. Rambo,3.0,0.0,0.0,2.0,3.0,2.0,0.0,16.0,11.0,8.0,7.0,4.0,3.0,17.0,9.0,46.9,45.8,6.0,19.0,13.0
303,TJ Malone,2.0,3.0,0.0,3.0,6.0,5.0,1.0,25.0,18.0,8.0,7.0,4.0,3.0,17.0,9.0,46.9,45.8,6.0,19.0,13.0
50,C. Kelly,1.0,3.0,0.0,0.0,11.0,7.0,0.0,28.0,17.0,9.0,2.0,12.0,3.0,12.0,9.0,49.0,46.9,7.0,14.0,13.5
89,E. Walker,0.0,1.0,0.0,1.0,4.0,3.0,1.0,32.0,28.0,9.0,2.0,12.0,3.0,12.0,9.0,49.0,46.9,7.0,14.0,13.5
119,J. Carraway,0.0,1.0,0.0,0.0,3.0,3.0,1.0,23.0,20.0,9.0,2.0,12.0,3.0,12.0,9.0,49.0,46.9,7.0,14.0,13.5
157,K. McArdle,6.0,1.0,0.0,1.0,9.0,5.0,2.0,43.0,32.0,9.0,2.0,12.0,3.0,12.0,9.0,49.0,46.9,7.0,14.0,13.5
171,M. Brandau,0.0,1.0,0.0,1.0,3.0,2.0,1.0,10.0,6.0,9.0,2.0,12.0,3.0,12.0,9.0,49.0,46.9,7.0,14.0,13.5
214,M. Sowers,8.0,1.0,0.0,2.0,10.0,7.0,1.0,49.0,39.0,9.0,2.0,12.0,3.0,12.0,9.0,49.0,46.9,7.0,14.0,13.5
294,T. McConvey,0.0,0.0,0.0,0.0,1.0,1.0,0.0,7.0,6.0,9.0,2.0,12.0,3.0,12.0,9.0,49.0,48.0,8.0,9.0,14.0
315,Z. Currier,1.0,0.0,0.0,1.0,1.0,0.0,1.0,9.0,8.0,9.0,2.0,12.0,3.0,12.0,9.0,49.0,46.9,7.0,14.0,13.5
2,A. Nolting,3.0,1.0,0.0,4.0,4.0,2.5,3.0,30.5,24.5,9.0,3.0,7.0,2.0,14.0,13.5,46.9,49.0,12.0,12.0,9.0
7,A. Vardaro,0.0,1.0,0.0,0.0,4.0,2.0,0.0,14.0,10.0,9.0,3.0,8.0,2.0,9.0,14.0,48.0,47.56666666666666,6.333333333333333,13.333333333333334,13.0
56,C. Kirst,1.0,0.6666666666666666,0.0,0.3333333333333333,4.333333333333333,2.0,1.0,13.0,8.0,9.0,3.0,6.333333333333333,2.0,13.333333333333334,13.0,47.56666666666666,48.0,8.0,9.0,14.0
68,C. van Raaphorst,0.0,0.0,0.0,0.5,2.5,0.5,2.5,8.5,5.0,9.0,3.0,7.0,2.0,14.0,13.5,46.9,49.0,12.0,12.0,9.0
175,M. Campbell,3.0,1.5,0.5,0.5,5.0,4.0,1.0,20.5,15.0,9.0,3.0,7.0,2.0,14.0,13.5,46.9,49.0,12.0,12.0,9.0
186,M. Holman,1.0,2.5,0.5,0.0,8.0,7.0,2.0,36.5,26.5,9.0,3.0,7.0,2.0,14.0,13.5,46.9,49.0,12.0,12.0,9.0
196,M. Kavanagh,1.0,0.5,0.0,0.0,4.5,3.0,2.0,25.5,21.0,9.0,3.0,7.0,2.0,14.0,13.5,46.9,49.0,12.0,12.0,9.0
232,P. Kavanagh,1.0,1.0,0.0,1.0,4.5,3.0,0.5,22.0,16.5,9.0,3.0,7.0,2.0,14.0,13.5,46.9,49.0,12.0,12.0,9.0
249,R. Drenner,0.0,2.0,0.0,0.5,5.5,3.5,1.5,22.0,16.0,9.0,3.0,7.0,2.0,14.0,13.5,46.9,49.0,12.0,12.0,9.0
321,Z. Tucci,4.0,0.0,0.0,0.0,2.0,1.0,5.0,6.0,3.0,9.0,3.0,8.0,2.0,9.0,14.0,48.0,49.0,12.0,12.0,9.0
42,C. Fields,2.0,3.5,0.0,0.5,8.0,5.0,2.0,30.5,19.0,10.0,1.0,5.0,5.0,14.5,18.0,43.75,42.13333333333333,5.333333333333333,12.333333333333334,15.0
94,G. Ament,2.0,2.5,0.0,1.0,5.0,2.5,0.0,22.0,15.5,10.0,1.0,5.0,5.0,14.5,18.0,43.75,40.7,5.0,13.0,14.5
206,M. O'Keefe,3.0,2.5,0.5,0.0,8.0,5.0,1.5,27.0,16.5,10.0,1.0,5.0,5.0,14.5,18.0,43.75,43.9,4.5,11.0,16.0
220,M. Woodward,0.0,0.0,0.0,0.0,1.0,0.0,4.0,9.0,8.0,10.0,1.0,6.0,5.0,18.0,13.0,41.9,42.13333333333333,5.333333333333333,12.333333333333334,15.0
237,R. Ambler,3.0,0.0,0.0,1.0,2.0,1.0,1.0,15.0,12.0,10.0,1.0,5.0,5.0,14.5,18.0,43.75,42.8,3.0,11.0,16.0
291,T. Leclaire,0.0,3.0,0.0,0.0,3.5,3.5,0.5,13.5,9.0,10.0,1.0,5.0,5.0,14.5,18.0,43.75,43.9,4.5,11.0,16.0
297,T. Schreiber,4.0,0.0,0.5,2.0,3.0,2.0,0.5,31.0,27.5,10.0,1.0,5.0,5.0,14.5,18.0,43.75,42.8,3.0,11.0,16.0
20,B. Minicus,1.0,0.5,0.0,0.5,2.0,1.0,1.0,10.5,7.0,10.0,5.0,4.5,1.0,11.0,16.0,43.9,43.75,5.0,14.5,18.0
26,B. Riorden,1.0,0.0,0.0,1.0,0.0,0.0,1.0,7.0,7.0,10.0,5.0,3.0,1.0,11.0,16.0,42.8,42.13333333333333,5.333333333333333,12.333333333333334,15.0
72,CJ Costabile,0.0,0.0,0.0,0.0,1.0,1.0,3.0,9.0,7.0,10.0,5.0,3.0,1.0,11.0,16.0,42.8,43.75,5.0,14.5,18.0
107,I. MacKay,1.0,1.5,0.0,0.0,2.5,2.0,1.0,6.5,4.0,10.0,5.0,4.5,1.0,11.0,16.0,43.9,43.75,5.0,14.5,18.0
127,J. Heningburg,1.0,2.0,0.0,0.3333333333333333,2.6666666666666665,2.6666666666666665,0.3333333333333333,26.0,22.333333333333332,10.0,5.0,5.333333333333333,1.0,12.333333333333334,15.0,42.13333333333333,42.13333333333333,5.333333333333333,12.333333333333334,15.0
139,J. Rowlett,0.0,0.0,1.0,0.0,1.0,1.0,2.0,12.0,10.0,10.0,5.0,3.0,1.0,11.0,16.0,42.8,43.75,5.0,14.5,18.0
154,K. Jackson,0.0,1.3333333333333333,0.0,0.3333333333333333,2.6666666666666665,2.0,0.6666666666666666,13.666666666666666,10.0,10.0,5.0,5.333333333333333,1.0,12.333333333333334,15.0,42.13333333333333,41.9,6.0,18.0,13.0
226,N. Rowlett,0.0,0.0,0.0,0.3333333333333333,1.6666666666666667,1.3333333333333333,5.0,5.666666666666667,2.6666666666666665,10.0,5.0,5.333333333333333,1.0,12.333333333333334,15.0,42.13333333333333,42.13333333333333,5.333333333333333,12.333333333333334,15.0
234,P. Resch,0.0,0.5,0.0,0.5,1.0,1.0,2.5,8.5,7.5,10.0,5.0,5.0,1.0,13.0,14.5,40.7,43.75,5.0,14.5,18.0
267,R. Scott,0.0,1.6666666666666667,0.0,0.3333333333333333,3.0,2.6666666666666665,0.0,14.0,9.666666666666666,10.0,5.0,5.333333333333333,1.0,12.333333333333334,15.0,42.13333333333333,42.8,3.0,11.0,16.0
275,S. Knobloch,1.0,0.6666666666666666,0.0,0.0,3.6666666666666665,1.3333333333333333,0.3333333333333333,26.333333333333332,21.333333333333332,10.0,5.0,5.333333333333333,1.0,12.333333333333334,15.0,42.13333333333333,43.75,5.0,14.5,18.0
289,T. Kurtz,0.0,1.0,0.3333333333333333,0.6666666666666666,3.6666666666666665,2.3333333333333335,0.6666666666666666,22.0,17.0,10.0,5.0,5.333333333333333,1.0,12.333333333333334,15.0,42.13333333333333,42.13333333333333,5.333333333333333,12.333333333333334,15.0
11,B. Costabile,2.0,0.5,0.0,0.0,5.0,3.0,0.0,25.0,19.5,11.0,4.0,3.0,8.0,12.5,13.5,44.900000000000006,48.9,5.0,12.0,12.0
37,C. Comizio,1.0,0.3333333333333333,0.0,0.0,1.0,0.6666666666666666,1.6666666666666667,10.333333333333334,9.0,11.0,4.0,5.333333333333333,8.0,12.333333333333334,11.666666666666666,48.300000000000004,48.300000000000004,5.333333333333333,12.333333333333334,11.666666666666666
79,D. Logan,1.0,0.0,0.0,0.0,1.0,1.0,1.0,9.0,8.0,11.0,4.0,3.0,8.0,12.0,13.0,46.7,48.925,5.75,12.75,13.5
82,D. Molloy,1.0,1.5,0.0,1.0,4.0,3.0,1.0,18.5,14.0,11.0,4.0,6.5,8.0,12.5,11.0,49.1,48.9,5.0,12.0,12.0
143,J. Teat,8.0,2.6666666666666665,0.0,4.666666666666667,8.333333333333334,5.333333333333333,1.6666666666666667,53.0,41.333333333333336,11.0,4.0,5.333333333333333,8.0,12.333333333333334,11.666666666666666,48.300000000000004,48.9,5.0,12.0,12.0
162,K. Smith,0.0,0.0,1.0,0.0,2.0,2.0,0.5,5.0,3.0,11.0,4.0,3.0,8.0,12.5,13.5,44.900000000000006,48.9,5.0,12.0,12.0
192,M. Jones,5.0,0.6666666666666666,0.3333333333333333,0.6666666666666666,4.666666666666667,2.0,1.6666666666666667,24.666666666666668,18.666666666666668,11.0,4.0,5.333333333333333,8.0,12.333333333333334,11.666666666666666,48.300000000000004,48.9,5.0,12.0,12.0
258,R. Jacoby,1.0,0.6666666666666666,0.0,0.3333333333333333,3.3333333333333335,2.3333333333333335,1.0,17.666666666666668,14.333333333333334,11.0,4.0,5.333333333333333,8.0,12.333333333333334,11.666666666666666,48.300000000000004,48.9,5.0,12.0,12.0
281,T. Baptiste,0.0,0.5,0.0,0.5,1.5,1.0,11.5,13.5,11.5,11.0,4.0,6.5,8.0,12.5,11.0,49.1,48.9,5.0,12.0,12.0
312,X. Dickson,3.0,3.3333333333333335,0.0,0.6666666666666666,6.0,4.666666666666667,2.0,25.666666666666668,19.0,11.0,4.0,5.333333333333333,8.0,12.333333333333334,11.666666666666666,48.300000000000004,48.9,5.0,12.0,12.0
27,B. Tevlin,1.0,0.0,0.0,1.0,0.0,0.0,1.0,11.0,11.0,11.0,8.0,5.0,4.0,12.0,12.0,48.9,49.1,6.5,12.5,11.0
32,C. Bertrand,2.0,1.0,0.0,1.0,5.0,5.0,1.0,20.0,15.0,11.0,8.0,5.0,4.0,12.0,12.0,48.9,48.300000000000004,5.333333333333333,12.333333333333334,11.666666666666666
57,C. Kirst,2.0,0.75,0.0,0.25,3.75,2.0,1.5,12.75,8.5,11.0,8.0,5.75,4.0,12.75,13.5,48.925,46.7,3.0,12.0,13.0
100,G. Degnon,2.0,2.0,1.0,0.0,6.0,5.0,0.0,20.0,14.0,11.0,8.0,5.0,4.0,12.0,12.0,48.9,49.1,6.5,12.5,11.0
105,I. Davis-Allen,1.0,0.0,0.0,0.0,1.0,1.0,2.0,5.0,4.0,11.0,8.0,5.0,4.0,12.0,12.0,48.9,44.900000000000006,3.0,12.5,13.5
222,N. Montgomery,0.0,0.0,0.0,0.0,5.0,3.0,1.0,24.0,17.0,11.0,8.0,5.0,4.0,12.0,12.0,48.9,48.300000000000004,5.333333333333333,12.333333333333334,11.666666666666666
253,R. Garnsey,7.0,0.0,0.0,2.0,4.0,0.0,0.0,41.0,32.0,11.0,8.0,5.0,4.0,12.0,12.0,48.9,48.300000000000004,5.333333333333333,12.333333333333334,11.666666666666666
260,R. Pannell,3.0,2.0,0.0,2.0,4.0,3.0,2.0,41.0,35.0,11.0,8.0,5.0,4.0,12.0,12.0,48.9,48.300000000000004,5.333333333333333,12.333333333333334,11.666666666666666
301,TD Ierlan,1.0,1.0,0.0,0.0,2.0,1.0,10.0,8.0,6.0,11.0,8.0,5.0,4.0,12.0,12.0,48.9,44.900000000000006,3.0,12.5,13.5
51,C. Kelly,1.0,2.0,0.0,0.0,9.5,6.0,0.0,32.0,21.0,12.0,2.0,11.0,7.0,12.0,11.0,45.2,46.099999999999994,6.5,15.0,11.5
120,J. Carraway,2.0,0.5,0.0,0.0,2.0,2.0,1.0,17.5,15.0,12.0,2.0,11.0,7.0,12.0,11.0,45.2,46.9,4.0,17.0,9.0
167,L. Byrnes,0.0,0.0,0.0,0.0,1.0,0.0,2.0,8.0,7.0,12.0,2.0,12.0,7.0,12.0,9.0,49.0,46.099999999999994,6.5,15.0,11.5
172,M. Brandau,1.0,0.5,0.0,0.5,2.5,2.0,0.5,9.5,6.5,12.0,2.0,11.0,7.0,12.0,11.0,45.2,46.099999999999994,6.5,15.0,11.5
215,M. Sowers,3.0,2.0,0.0,3.5,7.0,5.0,0.5,50.5,42.5,12.0,2.0,11.0,7.0,12.0,11.0,45.2,46.099999999999994,6.5,15.0,11.5
218,M. Whitcher,0.0,2.0,0.0,0.0,2.0,2.0,1.0,10.0,7.0,12.0,2.0,12.0,7.0,12.0,9.0,49.0,46.099999999999994,6.5,15.0,11.5
243,R. Conrad,2.0,1.5,0.0,0.0,6.5,5.5,1.0,17.5,10.0,12.0,2.0,11.0,7.0,12.0,11.0,45.2,46.9,4.0,17.0,9.0
48,C. Heacock,2.0,0.5,0.0,0.0,2.0,1.5,0.5,14.5,12.0,12.0,7.0,6.5,2.0,15.0,11.5,46.099999999999994,46.099999999999994,6.5,15.0,11.5
66,C. Squires,1.0,0.0,0.0,0.0,2.0,0.0,2.0,5.0,3.0,12.0,7.0,4.0,2.0,17.0,9.0,46.9,45.2,11.0,12.0,11.0
104,G. Leadmon,0.0,0.0,0.5,0.0,5.0,3.0,0.0,21.0,14.0,12.0,7.0,6.5,2.0,15.0,11.5,46.099999999999994,45.2,11.0,12.0,11.0
132,J. Morrill,3.0,0.5,0.0,1.5,1.0,1.0,1.5,8.5,7.0,12.0,7.0,6.5,2.0,15.0,11.5,46.099999999999994,49.0,12.0,12.0,9.0
180,M. Chanenchuk,3.0,0.5,1.0,0.0,6.5,4.5,0.5,24.5,17.5,12.0,7.0,6.5,2.0,15.0,11.5,46.099999999999994,45.2,11.0,12.0,11.0
263,R. Puglise,1.0,1.0,0.0,0.0,1.0,1.0,1.0,8.0,6.0,12.0,7.0,4.0,2.0,17.0,9.0,46.9,45.2,11.0,12.0,11.0
304,TJ Malone,2.0,2.5,0.0,1.5,7.0,5.0,0.5,28.0,20.0,12.0,7.0,6.5,2.0,15.0,11.5,46.099999999999994,45.2,11.0,12.0,11.0
326,Z. Williams,3.0,2.0,0.0,0.0,6.0,3.5,1.0,16.5,9.5,12.0,7.0,6.5,2.0,15.0,11.5,46.099999999999994,49.0,12.0,12.0,9.0
64,C. Shellenberger,2.0,3.0,0.0,3.0,5.0,3.6666666666666665,3.0,38.666666666666664,33.0,13.0,4.0,7.666666666666667,7.0,13.0,12.333333333333334,48.833333333333336,48.93333333333333,6.666666666666667,14.666666666666666,12.0
76,D. Aitken,0.0,2.25,0.0,0.0,6.25,4.25,1.75,28.0,20.5,13.0,4.0,6.5,7.0,13.0,12.75,47.400000000000006,48.93333333333333,6.666666666666667,14.666666666666666,12.0
80,D. Logan,0.0,0.5,0.0,0.0,1.5,1.5,1.0,9.5,8.0,13.0,4.0,6.5,7.0,13.5,14.5,45.7,48.93333333333333,6.666666666666667,14.666666666666666,12.0
144,J. Teat,5.0,3.0,0.0,4.5,8.0,5.25,1.75,47.75,36.5,13.0,4.0,6.5,7.0,13.0,12.75,47.400000000000006,48.93333333333333,6.666666666666667,14.666666666666666,12.0
193,M. Jones,1.0,0.75,0.5,1.0,4.25,2.25,1.5,21.25,15.5,13.0,4.0,6.5,7.0,13.0,12.75,47.400000000000006,48.93333333333333,6.666666666666667,14.666666666666666,12.0
282,T. Baptiste,0.0,0.3333333333333333,0.0,0.3333333333333333,1.3333333333333333,1.0,9.666666666666666,12.333333333333334,10.666666666666666,13.0,4.0,7.666666666666667,7.0,13.333333333333334,12.666666666666666,47.63333333333333,54.6,7.0,14.0,13.0
285,T. Carpenter,1.0,0.5,0.5,0.0,1.5,1.5,7.5,10.5,9.0,13.0,4.0,6.5,7.0,12.5,11.0,49.1,54.6,7.0,14.0,13.0
300,T. Troutner,0.0,0.0,0.0,0.0,1.0,1.0,3.0,16.0,15.0,13.0,4.0,10.0,7.0,12.0,8.0,55.1,50.75,5.5,15.5,11.0
313,X. Dickson,4.0,3.25,0.0,0.5,6.0,4.5,1.75,22.5,16.0,13.0,4.0,6.5,7.0,13.0,12.75,47.400000000000006,45.3,9.0,13.0,14.0
49,C. Heacock,1.0,1.0,0.0,0.0,3.3333333333333335,2.6666666666666665,0.3333333333333333,14.666666666666666,10.333333333333334,13.0,7.0,6.666666666666667,4.0,14.666666666666666,12.0,48.93333333333333,47.400000000000006,6.5,13.0,12.75
129,J. Koras,2.0,1.0,0.0,0.0,5.0,3.0,1.0,17.0,12.0,13.0,7.0,7.0,4.0,14.0,13.0,54.6,49.1,6.5,12.5,11.0
134,J. Nardella,1.0,0.0,0.0,0.0,2.0,1.0,13.0,15.0,11.0,13.0,7.0,9.0,4.0,13.0,14.0,45.3,47.400000000000006,6.5,13.0,12.75
164,K. Winkoff,2.0,1.0,0.0,1.0,4.0,1.0,1.0,17.0,12.0,13.0,7.0,7.0,4.0,14.0,13.0,54.6,47.63333333333333,7.666666666666667,13.333333333333334,12.666666666666666
181,M. Chanenchuk,1.0,0.3333333333333333,1.0,0.3333333333333333,5.0,3.6666666666666665,0.3333333333333333,22.666666666666668,16.666666666666668,13.0,7.0,6.666666666666667,4.0,14.666666666666666,12.0,48.93333333333333,48.833333333333336,7.666666666666667,13.0,12.333333333333334
211,M. Rambo,2.0,1.0,0.0,1.3333333333333333,3.6666666666666665,2.0,0.0,23.0,16.666666666666668,13.0,7.0,6.666666666666667,4.0,14.666666666666666,12.0,48.93333333333333,47.400000000000006,6.5,13.0,12.75
264,R. Puglise,1.0,0.5,0.0,0.5,0.5,0.5,0.5,8.5,7.0,13.0,7.0,5.5,4.0,15.5,11.0,50.75,55.1,10.0,12.0,8.0
305,TJ Malone,3.0,2.3333333333333335,0.0,1.0,6.666666666666667,5.0,1.3333333333333333,30.333333333333332,22.0,13.0,7.0,6.666666666666667,4.0,14.666666666666666,12.0,48.93333333333333,47.400000000000006,6.5,13.0,12.75
327,Z. Williams,2.0,1.3333333333333333,0.3333333333333333,0.3333333333333333,7.0,4.0,1.0,17.333333333333332,9.333333333333334,13.0,7.0,6.666666666666667,4.0,14.666666666666666,12.0,48.93333333333333,45.7,6.5,13.5,14.5
43,C. Fields,3.0,2.6666666666666665,0.0,0.6666666666666666,7.333333333333333,4.333333333333333,1.3333333333333333,29.0,19.0,14.0,1.0,5.0,3.0,12.0,18.0,45.53333333333333,48.93333333333334,6.0,13.0,14.0
203,M. Moore,0.0,0.0,0.0,0.3333333333333333,3.6666666666666665,1.3333333333333333,0.6666666666666666,28.666666666666668,24.0,14.0,1.0,5.0,3.0,12.0,18.0,45.53333333333333,48.93333333333334,6.0,13.0,14.0
213,M. Sisselberger,0.0,1.0,0.0,0.0,1.0,1.0,19.0,18.0,14.0,14.0,1.0,4.0,3.0,11.0,23.0,45.6,45.8,6.0,19.0,13.0
221,M. Woodward,0.0,0.0,0.0,0.0,1.0,0.0,3.0,9.5,8.5,14.0,1.0,5.5,3.0,12.5,15.5,45.5,48.93333333333334,6.0,13.0,14.0
229,P. Bond,0.0,0.5,0.0,0.0,2.5,1.5,4.0,16.0,12.0,14.0,1.0,5.0,3.0,14.5,18.0,43.75,48.93333333333334,6.0,13.0,14.0
238,R. Ambler,2.0,0.6666666666666666,0.0,1.0,3.0,1.6666666666666667,0.6666666666666666,14.666666666666666,10.333333333333334,14.0,1.0,5.0,3.0,12.0,18.0,45.53333333333333,50.5,6.0,10.0,14.5
292,T. Leclaire,1.0,2.0,0.0,0.0,3.3333333333333335,2.6666666666666665,0.3333333333333333,14.0,10.0,14.0,1.0,5.0,3.0,12.0,18.0,45.53333333333333,47.82,6.4,14.2,13.6
298,T. Schreiber,2.0,0.6666666666666666,0.3333333333333333,2.0,4.0,2.3333333333333335,0.3333333333333333,31.333333333333332,26.666666666666668,14.0,1.0,5.0,3.0,12.0,18.0,45.53333333333333,45.8,6.0,19.0,13.0
3,A. Nolting,3.0,1.0,0.0,3.3333333333333335,4.666666666666667,3.3333333333333335,2.3333333333333335,26.666666666666668,19.333333333333332,14.0,3.0,6.0,1.0,13.0,14.0,48.93333333333334,43.75,5.0,14.5,18.0
29,C. Aslanian,4.0,0.0,0.0,0.0,4.0,1.0,0.0,16.0,12.0,14.0,3.0,6.0,1.0,19.0,13.0,45.8,45.6,4.0,11.0,23.0
58,C. Kirst,0.0,0.8,0.0,0.4,3.4,2.0,1.2,13.0,9.2,14.0,3.0,6.4,1.0,14.2,13.6,47.82,45.53333333333333,5.0,12.0,18.0
69,C. van Raaphorst,0.0,0.0,0.0,0.3333333333333333,2.0,0.3333333333333333,3.3333333333333335,8.0,5.333333333333333,14.0,3.0,6.0,1.0,13.0,14.0,48.93333333333334,45.53333333333333,5.0,12.0,18.0
146,J. Trainor,0.0,1.0,0.0,0.0,2.0,1.0,2.0,12.0,10.0,14.0,3.0,6.0,1.0,19.0,13.0,45.8,45.53333333333333,5.0,12.0,18.0
176,M. Campbell,6.0,1.3333333333333333,0.6666666666666666,0.3333333333333333,4.666666666666667,3.3333333333333335,1.3333333333333333,23.0,17.666666666666668,14.0,3.0,6.0,1.0,13.0,14.0,48.93333333333334,45.53333333333333,5.0,12.0,18.0
187,M. Holman,3.0,2.0,0.3333333333333333,0.0,8.333333333333334,7.0,2.3333333333333335,37.333333333333336,26.666666666666668,14.0,3.0,6.0,1.0,13.0,14.0,48.93333333333334,45.5,5.5,12.5,15.5
250,R. Drenner,4.0,1.3333333333333333,0.0,0.3333333333333333,4.333333333333333,2.6666666666666665,1.3333333333333333,22.0,17.333333333333332,14.0,3.0,6.0,1.0,13.0,14.0,48.93333333333334,48.93333333333334,6.0,13.0,14.0
322,Z. Tucci,0.0,1.0,0.5,0.0,3.0,2.5,9.0,8.5,5.0,14.0,3.0,6.0,1.0,10.0,14.5,50.5,45.53333333333333,5.0,12.0,18.0
23,B. O'Neill,2.0,3.5,0.5,1.0,10.0,6.5,1.5,35.0,25.0,15.0,6.0,6.5,8.0,16.5,10.0,50.099999999999994,46.15,7.0,16.0,13.0
39,C. Ferrara,1.0,0.0,0.0,1.5,3.0,2.0,0.0,18.0,14.5,15.0,6.0,6.5,8.0,16.5,10.0,50.099999999999994,46.15,7.0,16.0,13.0
83,D. Young,2.0,1.0,0.0,0.0,3.0,1.0,0.0,8.0,5.0,15.0,6.0,4.0,8.0,17.0,15.0,49.3,49.3,4.0,17.0,15.0
98,G. Bundy,5.0,0.5,0.0,0.5,7.0,2.0,0.5,20.0,13.0,15.0,6.0,6.5,8.0,16.5,10.0,50.099999999999994,43.4,9.0,20.0,14.0
112,J. Bernhardt,0.0,0.0,0.0,0.0,1.0,0.0,2.0,8.0,7.0,15.0,6.0,5.0,8.0,12.0,14.0,50.3,46.15,7.0,16.0,13.0
136,J. Piseno,0.0,0.0,0.0,0.5,1.5,1.5,3.5,12.0,9.0,15.0,6.0,6.5,8.0,16.5,10.0,50.099999999999994,43.4,9.0,20.0,14.0
150,J. Zawada,2.0,1.5,0.0,1.5,5.5,4.0,0.0,40.0,32.5,15.0,6.0,6.5,8.0,16.5,10.0,50.099999999999994,46.15,7.0,16.0,13.0
169,L. Wierman,1.0,0.5,0.0,0.0,1.5,1.0,10.5,11.0,8.0,15.0,6.0,6.5,8.0,16.5,10.0,50.099999999999994,43.4,9.0,20.0,14.0
269,R. Terefenko,2.0,1.0,0.0,0.0,1.0,1.0,1.0,9.0,8.0,15.0,6.0,9.0,8.0,16.0,5.0,50.9,46.15,7.0,16.0,13.0
271,S. Handley,4.0,1.5,0.5,0.0,8.0,4.5,0.5,23.5,14.5,15.0,6.0,6.5,8.0,16.5,10.0,50.099999999999994,48.9,5.0,12.0,12.0
0,A. Cohen,0.0,0.0,0.0,1.0,0.0,0.0,1.0,2.0,2.0,15.0,8.0,9.0,6.0,20.0,14.0,43.4,50.099999999999994,6.5,16.5,10.0
28,B. Tevlin,0.0,0.5,0.0,0.5,1.0,1.0,1.5,10.5,8.5,15.0,8.0,7.0,6.0,16.0,13.0,46.15,50.099999999999994,6.5,16.5,10.0
33,C. Bertrand,1.0,1.5,0.0,0.5,5.5,4.0,1.0,22.0,15.0,15.0,8.0,7.0,6.0,16.0,13.0,46.15,50.099999999999994,6.5,16.5,10.0
45,C. Gray,2.0,2.0,0.0,0.0,4.0,3.0,1.0,22.0,15.0,15.0,8.0,9.0,6.0,20.0,14.0,43.4,50.099999999999994,6.5,16.5,10.0
101,G. Degnon,0.0,1.5,0.5,0.5,5.5,4.5,0.5,19.5,13.5,15.0,8.0,7.0,6.0,16.0,13.0,46.15,50.9,9.0,16.0,5.0
122,J. Conners,0.0,0.0,0.0,0.0,1.0,1.0,2.0,6.0,4.0,15.0,8.0,9.0,6.0,20.0,14.0,43.4,50.099999999999994,6.5,16.5,10.0
246,R. Dennis,4.0,0.0,0.0,0.0,6.0,1.0,1.0,16.0,10.0,15.0,8.0,5.0,6.0,12.0,12.0,48.9,50.099999999999994,6.5,16.5,10.0
302,TD Ierlan,1.0,1.0,0.0,0.0,2.0,1.0,12.0,11.0,8.5,15.0,8.0,7.0,6.0,16.0,13.0,46.15,50.099999999999994,6.5,16.5,10.0
308,W. Berg,2.0,2.0,0.0,0.5,2.0,2.0,0.0,17.5,15.0,15.0,8.0,7.0,6.0,16.0,13.0,46.15,50.3,5.0,12.0,14.0
25,B. Randall,0.0,0.0,0.0,1.0,0.0,0.0,1.0,14.0,14.0,16.0,2.0,10.0,5.0,15.0,17.0,40.8,43.73333333333333,10.666666666666666,13.0,13.0
52,C. Kelly,2.0,1.6666666666666667,0.0,0.0,7.666666666666667,4.333333333333333,0.0,26.0,16.666666666666668,16.0,2.0,10.666666666666666,5.0,13.0,13.0,43.73333333333333,42.900000000000006,6.25,11.5,14.0
91,E. Walker,0.0,0.6666666666666666,0.0,0.6666666666666666,3.6666666666666665,2.6666666666666665,1.0,31.666666666666668,27.0,16.0,2.0,10.666666666666666,5.0,13.0,13.0,43.73333333333333,42.900000000000006,6.25,11.5,14.0
121,J. Carraway,1.0,1.0,0.0,0.0,3.0,2.0,1.3333333333333333,17.0,13.666666666666666,16.0,2.0,10.666666666666666,5.0,13.0,13.0,43.73333333333333,42.900000000000006,6.25,11.5,14.0
138,J. Richard,1.0,0.0,0.0,0.0,1.0,1.0,1.0,5.0,4.0,16.0,2.0,12.0,5.0,12.0,9.0,49.0,42.900000000000006,6.25,11.5,14.0
159,K. McArdle,5.0,2.3333333333333335,0.0,1.3333333333333333,8.666666666666666,5.0,1.0,40.0,30.0,16.0,2.0,10.666666666666666,5.0,13.0,13.0,43.73333333333333,38.6,7.0,15.0,13.0
216,M. Sowers,2.0,2.3333333333333335,0.0,2.3333333333333335,8.0,6.0,0.3333333333333333,48.333333333333336,39.666666666666664,16.0,2.0,10.666666666666666,5.0,13.0,13.0,43.73333333333333,44.333333333333336,6.0,10.333333333333334,14.333333333333334
219,M. Whitcher,0.0,1.0,0.0,0.0,2.0,1.0,0.5,6.5,4.0,16.0,2.0,11.0,5.0,13.5,13.0,44.9,45.2,9.0,9.0,11.0
244,R. Conrad,1.0,1.3333333333333333,0.0,0.3333333333333333,6.0,4.333333333333333,1.3333333333333333,20.0,13.333333333333334,16.0,2.0,10.666666666666666,5.0,13.0,13.0,43.73333333333333,40.8,10.0,15.0,17.0
317,Z. Currier,0.0,1.3333333333333333,0.0,1.0,2.3333333333333335,2.0,2.0,15.333333333333334,12.0,16.0,2.0,10.666666666666666,5.0,13.0,13.0,43.73333333333333,42.900000000000006,6.25,11.5,14.0
21,B. Minicus,3.0,0.6666666666666666,0.0,0.3333333333333333,2.6666666666666665,1.6666666666666667,1.0,12.0,8.333333333333334,16.0,5.0,6.0,2.0,10.333333333333334,14.333333333333334,44.333333333333336,43.73333333333333,10.666666666666666,13.0,13.0
85,E. Dobson,1.0,2.0,0.0,0.0,5.0,4.0,0.0,19.0,13.0,16.0,5.0,9.0,2.0,9.0,11.0,45.2,44.9,11.0,13.5,13.0
118,J. Byrne,2.0,1.25,0.0,2.0,5.0,3.25,1.0,29.5,22.75,16.0,5.0,6.25,2.0,11.5,14.0,42.900000000000006,43.73333333333333,10.666666666666666,13.0,13.0
128,J. Heningburg,2.0,1.5,0.0,0.5,3.25,3.25,1.0,27.25,22.75,16.0,5.0,6.25,2.0,11.5,14.0,42.900000000000006,49.0,12.0,12.0,9.0
155,K. Jackson,0.0,1.0,0.0,0.25,2.25,1.75,1.0,14.5,11.0,16.0,5.0,6.25,2.0,11.5,14.0,42.900000000000006,43.73333333333333,10.666666666666666,13.0,13.0
227,N. Rowlett,0.0,0.0,0.0,0.25,1.5,1.0,6.25,6.5,3.5,16.0,5.0,6.25,2.0,11.5,14.0,42.900000000000006,43.73333333333333,10.666666666666666,13.0,13.0
276,S. Knobloch,1.0,0.75,0.0,0.0,4.25,2.0,0.5,26.0,20.5,16.0,5.0,6.25,2.0,11.5,14.0,42.900000000000006,43.73333333333333,10.666666666666666,13.0,13.0
295,T. Reh,0.0,0.0,0.0,0.0,1.0,1.0,0.0,5.0,2.0,16.0,5.0,7.0,2.0,15.0,13.0,38.6,43.73333333333333,10.666666666666666,13.0,13.0
4,A. Nolting,4.0,1.0,0.0,3.0,4.5,3.0,2.0,31.75,23.5,17.0,3.0,7.0,8.0,12.0,13.25,48.85,48.85,7.0,12.0,13.25
8,A. Vardaro,1.0,0.5,0.0,0.0,3.0,2.0,0.0,10.0,6.5,17.0,3.0,6.0,8.0,10.0,14.5,50.5,45.15,9.0,16.5,13.5
15,B. Fairman,0.0,0.0,0.0,0.0,1.0,1.0,3.0,10.0,7.0,17.0,3.0,4.0,8.0,11.0,15.0,53.0,45.15,9.0,16.5,13.5
30,C. Aslanian,0.0,0.5,0.5,0.5,3.5,1.5,0.0,21.5,17.5,17.0,3.0,8.0,8.0,14.0,12.0,47.2,46.4,7.666666666666667,15.0,13.0
70,C. van Raaphorst,0.0,0.0,0.0,0.25,2.5,0.25,3.25,10.75,7.25,17.0,3.0,7.0,8.0,12.0,13.25,48.85,46.4,7.666666666666667,15.0,13.0
87,E. Rall,0.0,0.0,0.0,0.0,1.0,0.5,1.5,4.0,2.5,17.0,3.0,7.0,8.0,14.0,13.5,46.9,46.15,7.0,16.0,13.0
147,J. Trainor,2.0,0.5,0.0,0.0,1.5,1.0,2.5,9.5,8.0,17.0,3.0,8.0,8.0,14.0,12.0,47.2,48.85,7.0,12.0,13.25
177,M. Campbell,0.0,1.25,1.0,0.5,5.25,4.0,1.25,27.0,21.25,17.0,3.0,7.0,8.0,12.0,13.25,48.85,46.4,7.666666666666667,15.0,13.0
188,M. Holman,4.0,1.75,0.25,0.5,8.0,5.75,2.5,41.0,31.0,17.0,3.0,7.0,8.0,12.0,13.25,48.85,47.2,8.0,14.0,12.0
197,M. Kavanagh,1.0,0.6666666666666666,0.0,0.0,4.666666666666667,2.6666666666666665,1.3333333333333333,25.666666666666668,20.0,17.0,3.0,6.0,8.0,13.0,14.0,48.93333333333334,47.9,7.0,12.5,12.5
251,R. Drenner,0.0,1.0,0.5,0.25,4.5,2.5,1.0,23.75,19.0,17.0,3.0,7.0,8.0,12.0,13.25,48.85,46.4,7.666666666666667,15.0,13.0
323,Z. Tucci,0.0,0.6666666666666666,0.3333333333333333,0.0,2.3333333333333335,1.6666666666666667,7.0,6.666666666666667,3.6666666666666665,17.0,3.0,7.333333333333333,8.0,9.666666666666666,13.333333333333334,49.86666666666667,46.4,7.666666666666667,15.0,13.0
34,C. Bertrand,1.0,1.0,0.0,0.6666666666666666,5.333333333333333,4.0,1.0,20.0,13.666666666666666,17.0,8.0,7.666666666666667,3.0,15.0,13.0,46.4,49.86666666666667,7.333333333333333,9.666666666666666,13.333333333333334
46,C. Gray,3.0,1.0,0.0,1.0,3.5,2.5,1.5,19.0,13.5,17.0,8.0,9.0,3.0,16.5,13.5,45.15,50.5,6.0,10.0,14.5
102,G. Degnon,0.0,1.0,0.3333333333333333,0.3333333333333333,4.0,3.0,0.6666666666666666,18.0,13.0,17.0,8.0,7.666666666666667,3.0,15.0,13.0,46.4,48.85,7.0,12.0,13.25
123,J. Conners,1.0,0.0,0.0,0.0,1.5,0.5,3.0,8.0,5.5,17.0,8.0,9.0,3.0,16.5,13.5,45.15,53.0,4.0,11.0,15.0
223,N. Montgomery,0.0,0.0,0.0,0.0,3.0,2.0,1.0,17.0,12.0,17.0,8.0,7.0,3.0,16.0,13.0,46.15,46.9,7.0,14.0,13.5
247,R. Dennis,0.0,0.0,1.0,0.0,5.5,2.0,0.5,15.0,9.5,17.0,8.0,7.0,3.0,12.5,12.5,47.9,48.93333333333334,6.0,13.0,14.0
255,R. Garnsey,2.0,1.0,0.3333333333333333,2.0,7.333333333333333,3.6666666666666665,0.3333333333333333,34.333333333333336,24.0,17.0,8.0,7.666666666666667,3.0,15.0,13.0,46.4,48.85,7.0,12.0,13.25
262,R. Pannell,3.0,1.3333333333333333,0.0,1.0,7.333333333333333,4.0,2.0,39.333333333333336,30.0,17.0,8.0,7.666666666666667,3.0,15.0,13.0,46.4,47.2,8.0,14.0,12.0
309,W. Berg,2.0,2.0,0.0,0.3333333333333333,2.6666666666666665,2.0,0.6666666666666666,15.0,11.333333333333334,17.0,8.0,7.666666666666667,3.0,15.0,13.0,46.4,48.85,7.0,12.0,13.25
13,B. Costabile,4.0,1.0,0.0,0.5,5.5,3.0,0.5,22.0,16.0,18.0,4.0,6.25,6.0,14.0,14.25,43.05,49.133333333333326,6.333333333333333,13.666666666666666,10.333333333333334
18,B. Makar,1.0,0.0,0.0,0.5,0.5,0.0,1.0,10.0,9.0,18.0,4.0,10.0,6.0,13.5,12.0,49.900000000000006,48.75,5.5,10.0,12.5
65,C. Shellenberger,3.0,2.5,0.0,2.5,4.5,3.5,3.0,37.5,32.0,18.0,4.0,8.0,6.0,13.75,12.75,46.05,49.133333333333326,6.333333333333333,13.666666666666666,10.333333333333334
77,D. Aitken,2.0,1.8,0.0,0.0,5.6,3.8,2.0,26.2,19.2,18.0,4.0,7.0,6.0,13.6,13.0,45.46,47.2,6.0,8.0,11.0
140,J. Stevens,1.0,2.0,0.0,0.0,5.0,3.0,1.0,9.0,4.0,18.0,4.0,9.0,6.0,16.0,14.0,37.7,49.133333333333326,6.333333333333333,13.666666666666666,10.333333333333334
145,J. Teat,9.0,2.8,0.0,4.2,7.6,5.4,1.8,45.0,34.8,18.0,4.0,7.0,6.0,13.6,13.0,45.46,48.25,5.0,12.5,13.0
194,M. Jones,0.0,0.8,0.4,0.8,4.0,2.2,1.4,19.8,14.6,18.0,4.0,7.0,6.0,13.6,13.0,45.46,47.2,6.0,8.0,11.0
235,P. Rezanka,1.0,1.0,0.0,0.0,2.0,2.0,2.0,5.0,3.0,18.0,4.0,10.0,6.0,15.0,16.0,44.7,49.133333333333326,6.333333333333333,13.666666666666666,10.333333333333334
283,T. Baptiste,2.0,0.25,0.0,0.25,1.25,0.75,8.75,11.0,9.25,18.0,4.0,8.0,6.0,14.0,13.0,45.150000000000006,49.133333333333326,6.333333333333333,13.666666666666666,10.333333333333334
286,T. Carpenter,0.0,0.6666666666666666,0.3333333333333333,0.0,1.6666666666666667,1.6666666666666667,6.0,11.0,9.333333333333334,18.0,4.0,7.333333333333333,6.0,13.666666666666666,12.0,45.300000000000004,49.133333333333326,6.333333333333333,13.666666666666666,10.333333333333334
314,X. Dickson,3.0,3.0,0.0,0.8,6.4,4.4,1.6,21.8,14.8,18.0,4.0,7.0,6.0,13.6,13.0,45.46,49.133333333333326,6.333333333333333,13.666666666666666,10.333333333333334
24,B. O'Neill,0.0,2.6666666666666665,0.3333333333333333,1.0,8.333333333333334,4.666666666666667,1.6666666666666667,33.333333333333336,24.0,18.0,6.0,6.333333333333333,4.0,13.666666666666666,10.333333333333334,49.133333333333326,43.05,6.25,14.0,14.25
40,C. Ferrara,1.0,0.3333333333333333,0.0,1.0,2.6666666666666665,1.6666666666666667,0.3333333333333333,18.0,14.333333333333334,18.0,6.0,6.333333333333333,4.0,13.666666666666666,10.333333333333334,49.133333333333326,49.133333333333326,6.333333333333333,13.666666666666666,10.333333333333334
78,D. Gergar,2.0,0.0,0.0,0.0,5.0,3.0,1.0,12.0,7.0,18.0,6.0,6.0,4.0,8.0,11.0,47.2,45.46,7.0,13.6,13.0
84,D. Young,0.0,0.5,0.0,1.0,3.0,1.5,0.5,11.0,8.0,18.0,6.0,5.0,4.0,12.5,13.0,48.25,45.46,7.0,13.6,13.0
99,G. Bundy,0.0,1.3333333333333333,0.3333333333333333,0.3333333333333333,7.0,3.0,0.6666666666666666,22.666666666666668,15.333333333333334,18.0,6.0,6.333333333333333,4.0,13.666666666666666,10.333333333333334,49.133333333333326,37.7,9.0,16.0,14.0
111,J. Anderson,2.0,1.3333333333333333,0.0,0.3333333333333333,3.3333333333333335,2.0,2.3333333333333335,17.333333333333332,13.333333333333334,18.0,6.0,6.333333333333333,4.0,13.666666666666666,10.333333333333334,49.133333333333326,45.46,7.0,13.6,13.0
113,J. Bernhardt,1.0,0.0,0.0,0.0,1.0,0.0,2.5,9.5,8.5,18.0,6.0,5.5,4.0,10.0,12.5,48.75,49.900000000000006,10.0,13.5,12.0
137,J. Piseno,0.0,0.0,0.0,0.3333333333333333,1.3333333333333333,1.3333333333333333,3.3333333333333335,11.0,8.666666666666666,18.0,6.0,6.333333333333333,4.0,13.666666666666666,10.333333333333334,49.133333333333326,46.05,8.0,13.75,12.75
151,J. Zawada,0.0,1.6666666666666667,0.0,1.0,6.0,4.666666666666667,0.3333333333333333,36.666666666666664,28.666666666666668,18.0,6.0,6.333333333333333,4.0,13.666666666666666,10.333333333333334,49.133333333333326,45.150000000000006,8.0,14.0,13.0
170,L. Wierman,0.0,0.6666666666666666,0.0,0.0,1.6666666666666667,1.0,8.333333333333334,9.0,6.333333333333333,18.0,6.0,6.333333333333333,4.0,13.666666666666666,10.333333333333334,49.133333333333326,44.7,10.0,15.0,16.0
199,M. Manley,0.0,0.0,0.0,0.0,1.0,1.0,3.0,9.0,8.0,18.0,6.0,6.0,4.0,8.0,11.0,47.2,45.46,7.0,13.6,13.0
272,S. Handley,1.0,1.0,0.3333333333333333,1.3333333333333333,6.333333333333333,3.0,0.6666666666666666,25.333333333333332,17.666666666666668,18.0,6.0,6.333333333333333,4.0,13.666666666666666,10.333333333333334,49.133333333333326,45.300000000000004,7.333333333333333,13.666666666666666,12.0
14,B. Dobson,0.0,0.0,0.0,1.0,0.0,0.0,0.0,15.0,15.0,19.0,1.0,6.0,7.0,18.0,13.0,41.9,49.27499999999999,6.25,14.0,12.5
44,C. Fields,3.0,2.75,0.0,0.5,7.5,5.0,1.25,29.0,19.0,19.0,1.0,6.0,7.0,12.5,15.5,45.275,49.27499999999999,6.25,14.0,12.5
96,G. Ament,3.0,2.0,0.0,1.25,4.25,2.5,0.5,27.25,22.0,19.0,1.0,6.0,7.0,12.5,15.5,45.275,52.45,6.0,13.0,13.5
204,M. Moore,2.0,0.0,0.0,0.25,3.25,1.0,1.0,25.0,20.25,19.0,1.0,6.0,7.0,12.5,15.5,45.275,46.833333333333336,6.666666666666667,12.333333333333334,11.333333333333334
208,M. O'Keefe,4.0,2.0,0.25,0.25,7.75,5.0,0.75,26.0,16.5,19.0,1.0,6.0,7.0,12.5,15.5,45.275,52.45,6.0,13.0,13.5
230,P. Bond,1.0,0.3333333333333333,0.0,0.0,2.0,1.3333333333333333,3.3333333333333335,15.0,11.666666666666666,19.0,1.0,6.333333333333333,7.0,14.333333333333334,14.666666666666666,44.0,50.3,5.0,12.0,14.0
239,R. Ambler,0.0,1.0,0.0,0.75,3.0,2.0,0.75,14.75,10.0,19.0,1.0,6.0,7.0,12.5,15.5,45.275,49.27499999999999,6.25,14.0,12.5
293,T. Leclaire,4.0,1.75,0.0,0.0,3.0,2.25,0.75,15.5,11.75,19.0,1.0,6.0,7.0,12.5,15.5,45.275,52.45,6.0,13.0,13.5
299,T. Schreiber,1.0,0.75,0.25,1.75,4.25,2.5,0.25,31.0,25.75,19.0,1.0,6.0,7.0,12.5,15.5,45.275,49.27499999999999,6.25,14.0,12.5
6,A. Poitras,2.0,2.0,0.0,0.0,5.0,4.0,2.0,19.0,11.0,19.0,7.0,5.0,1.0,12.0,14.0,50.3,44.0,6.333333333333333,14.333333333333334,14.666666666666666
114,J. Bernhardt,1.0,0.0,0.0,0.3333333333333333,0.6666666666666666,0.0,2.3333333333333335,9.0,8.333333333333334,19.0,7.0,6.666666666666667,1.0,12.333333333333334,11.333333333333334,46.833333333333336,45.275,6.0,12.5,15.5
130,J. Koras,0.0,1.5,0.0,0.0,4.5,3.5,1.5,14.5,9.5,19.0,7.0,6.0,1.0,13.0,13.5,52.45,45.275,6.0,12.5,15.5
165,K. Winkoff,0.0,0.5,0.0,1.5,4.0,1.5,1.0,17.5,12.5,19.0,7.0,6.0,1.0,13.0,13.5,52.45,45.275,6.0,12.5,15.5
182,M. Chanenchuk,1.0,0.5,0.75,0.25,5.25,3.5,0.75,25.25,18.5,19.0,7.0,6.25,1.0,14.0,12.5,49.27499999999999,45.275,6.0,12.5,15.5
184,M. Dunn,1.0,1.0,0.0,0.0,1.5,1.5,2.0,5.5,4.0,19.0,7.0,6.0,1.0,13.0,13.5,52.45,45.275,6.0,12.5,15.5
212,M. Rambo,2.0,1.0,0.0,1.25,4.0,2.25,0.25,23.75,16.75,19.0,7.0,6.25,1.0,14.0,12.5,49.27499999999999,45.275,6.0,12.5,15.5
306,TJ Malone,4.0,2.5,0.0,0.75,6.75,4.75,1.5,28.5,20.0,19.0,7.0,6.25,1.0,14.0,12.5,49.27499999999999,41.9,6.0,18.0,13.0
328,Z. Williams,5.0,1.5,0.25,0.25,6.25,3.75,0.75,18.25,11.25,19.0,7.0,6.25,1.0,14.0,12.5,49.27499999999999,45.275,6.0,12.5,15.5
53,C. Kelly,2.0,1.75,0.0,0.0,6.5,3.75,0.0,25.25,17.5,20.0,2.0,10.0,3.0,11.25,12.75,43.925,48.214285714285715,7.142857142857143,12.714285714285714,12.714285714285714
92,E. Walker,0.0,0.5,0.0,0.5,3.5,2.25,1.25,30.5,26.25,20.0,2.0,10.0,3.0,11.25,12.75,43.925,49.849999999999994,7.5,9.5,12.5
124,J. Hannah,2.0,2.0,0.0,1.0,8.0,5.0,3.0,23.0,15.0,20.0,2.0,8.0,3.0,6.0,12.0,44.5,47.86666666666667,7.333333333333333,12.333333333333334,12.333333333333334
160,K. McArdle,5.0,2.25,0.0,1.75,8.25,5.0,1.5,38.25,28.5,20.0,2.0,10.0,3.0,11.25,12.75,43.925,49.04,7.2,11.4,12.6
173,M. Brandau,0.0,0.6666666666666666,0.0,0.3333333333333333,2.6666666666666665,2.3333333333333335,1.0,11.0,7.333333333333333,20.0,2.0,10.666666666666666,3.0,13.0,13.0,43.73333333333333,49.04,7.2,11.4,12.6
217,M. Sowers,5.0,1.75,0.0,2.25,6.5,4.75,0.25,44.75,37.0,20.0,2.0,10.0,3.0,11.25,12.75,43.925,49.04,7.2,11.4,12.6
245,R. Conrad,0.0,1.25,0.0,0.25,5.75,3.75,1.5,21.75,14.75,20.0,2.0,10.0,3.0,11.25,12.75,43.925,49.04,7.2,11.4,12.6
318,Z. Currier,0.0,1.0,0.0,0.75,2.25,1.75,1.75,15.5,12.25,20.0,2.0,10.0,3.0,11.25,12.75,43.925,49.150000000000006,6.5,12.0,13.0
5,A. Nolting,3.0,1.0,0.0,3.0,4.4,2.6,2.0,33.0,25.6,20.0,3.0,7.2,2.0,11.4,12.6,49.04,43.925,10.0,11.25,12.75
9,A. Vardaro,2.0,0.6666666666666666,0.0,0.0,3.3333333333333335,1.6666666666666667,0.0,10.0,6.0,20.0,3.0,6.666666666666667,2.0,9.666666666666666,13.0,50.26666666666667,48.06666666666666,8.0,12.333333333333334,11.333333333333334
16,B. Fairman,0.0,0.0,0.0,0.0,1.5,1.0,1.5,9.0,6.5,20.0,3.0,6.0,2.0,10.0,12.5,51.4,49.04,7.2,11.4,12.6
31,C. Aslanian,1.0,0.3333333333333333,0.3333333333333333,0.3333333333333333,3.6666666666666665,1.6666666666666667,0.0,24.666666666666668,20.0,20.0,3.0,8.0,2.0,12.333333333333334,11.333333333333334,48.06666666666666,48.06666666666666,8.0,12.333333333333334,11.333333333333334
60,C. Kirst,3.0,0.5714285714285714,0.0,0.2857142857142857,3.142857142857143,1.8571428571428572,1.0,13.142857142857142,9.714285714285714,20.0,3.0,7.142857142857143,2.0,12.714285714285714,12.714285714285714,48.214285714285715,43.925,10.0,11.25,12.75
71,C. van Raaphorst,0.0,0.0,0.0,0.2,2.4,0.4,3.2,11.4,8.0,20.0,3.0,7.2,2.0,11.4,12.6,49.04,43.73333333333333,10.666666666666666,13.0,13.0
88,E. Rall,1.0,0.0,0.0,0.0,1.0,0.6666666666666666,2.0,5.666666666666667,4.333333333333333,20.0,3.0,7.333333333333333,2.0,12.333333333333334,12.333333333333334,47.86666666666667,44.5,8.0,6.0,12.0
148,J. Trainor,1.0,0.6666666666666666,0.0,0.3333333333333333,1.6666666666666667,1.0,1.6666666666666667,9.0,7.0,20.0,3.0,8.0,2.0,12.333333333333334,11.333333333333334,48.06666666666666,50.26666666666667,6.666666666666667,9.666666666666666,13.0
178,M. Campbell,2.0,1.0,0.8,0.4,5.0,3.4,1.2,27.0,21.6,20.0,3.0,7.2,2.0,11.4,12.6,49.04,51.4,6.0,10.0,12.5
189,M. Holman,4.0,2.2,0.2,0.4,8.0,6.0,2.2,40.2,30.2,20.0,3.0,7.2,2.0,11.4,12.6,49.04,43.925,10.0,11.25,12.75
198,M. Kavanagh,5.0,0.5,0.0,0.25,4.25,2.0,1.25,25.5,19.75,20.0,3.0,6.5,2.0,12.0,13.0,49.150000000000006,43.925,10.0,11.25,12.75
252,R. Drenner,1.0,0.8,0.4,0.2,4.0,2.2,0.8,24.0,19.6,20.0,3.0,7.2,2.0,11.4,12.6,49.04,43.925,10.0,11.25,12.75
324,Z. Tucci,0.0,0.5,0.25,0.0,2.25,1.5,6.25,6.0,3.25,20.0,3.0,7.5,2.0,9.5,12.5,49.849999999999994,43.925,10.0,11.25,12.75
